-- 초기 데이터 삽입
USE PWD_Final;

-- BodySizeUnit 데이터 (단위코드/명)
INSERT INTO BodySizeUnit (UnitCode, UnitName) VALUES
('N', 'None'),
('A', 'A'),
('I', 'inch'),
('Z', 'SPECIAL');

-- TrimPortSizeUnit 데이터 (단위코드/명)
INSERT INTO TrimPortSizeUnit (UnitCode, UnitName) VALUES
('N', 'None'),
('A', 'A'),
('I', 'inch'),
('Z', 'SPECIAL');

-- 1) Role 데이터
INSERT INTO Role (RoleID, RoleName, Description) VALUES
(1, 'Admin', '관리자'),
(2, 'Staff', '직원'),
(3, 'Customer', '고객');

-- 2) User 데이터 (테스트용)
INSERT INTO User (UserID, Password, CompanyName, CompanyPhone, RoleID, Position, Department, Name, BusinessNumber, Address, Email, PhoneNumber, IsApproved) VALUES
('admin', 'JAvlGPq9JyTdtvBO6x2llnRI1+gxwIyPqCKAn3THIKk=', '관리자회사', '02-1234-5678', 1, '관리자', '관리팀', '관리자', '123-45-67890', '서울시 강남구', 'admin@example.com', '010-1234-5678', TRUE),
('customer1', 'sEHArrNbsPpKpmjKWpILWQGW/a+aAOuFLJt/TRI8xtY=', '테스트고객사', '02-2345-6789', 3, '과장', '구매팀', '김고객', '234-56-78901', '서울시 서초구', 'customer1@example.com', '010-2345-6789', TRUE),
('staff1', 'EBdue3sk0xes/PjSBkz9LyThVPe1qWYDB31e+BPWprY=', '직원회사', '02-3456-7890', 2, '대리', '영업팀', '박직원', '345-67-89012', '서울시 마포구', 'staff1@example.com', '010-3456-7890', TRUE);

-- 3) BodyValveList 데이터 (이미지 참조)
INSERT INTO BodyValveList (ValveSeries, ValveSeriesCode) VALUES
('None', '0'),
('2-Way Globe', '2'),
('3-Way Globe', '3'),
('Angle', 'A'),
('Hi-Performance Butterfly', 'H'),
('Segmental Ball', 'S'),
('Damper', 'D'),
('2-Way Ball', 'B'),
('Gate Valve', 'G'),
('Electric Motor Globe', 'M'),
('Electric Motor Gate', 'E'),
('Diaphragm (Weir Type)', 'P'),
('2-WAY GLOBE JAKET', 'J'),
('Float 2-Way Globe', 'F'),
('3-Way Ball', 'W'),
('SPECIAL', 'Z');

-- 4) BodyBonnetList 데이터 (이미지 참조)
INSERT INTO BodyBonnetList (BonnetType, BonnetCode) VALUES
('None', '0'),
('Standard', '1'),
('Extension', '2'),
('Extension (Short)', '3'),
('Extension (Long)', '4'),
('Extension ( Cry. )', '5'),
('Bellows (STD)', '8'),
('Bellows (Long)', '9'),
('SPECIAL', 'Z');


-- 5) BodyMatList 데이터 (이미지 참조)
INSERT INTO BodyMatList (BodyMat, BodyMatCode) VALUES
('None', '0'),
('WCB', '1'),
('LCB', '2'),
('WC6', '3'),
('WC9', '4'),
('CF8 (SCS13)', '5'),
('CF8M (SCS14)', '6'),
('CF3', '7'),
('CF3M', '8'),
('A105', 'A'),
('F11', 'B'),
('F22', 'C'),
('F51', 'D'),
('F52', 'E'),
('F53', 'F'),
('F55', 'G'),
('SUS304', 'H'),
('SUS316', 'I'),
('F304', 'J'),
('F316', 'K'),
('SPECIAL', 'Z');

-- 6) BodySizeList 데이터 (UnitCode 사용)
INSERT INTO BodySizeList (UnitCode, BodySize, BodySizeCode) VALUES
('N', 'None', '0'),
('A', '15A', 'A'),
('A', '20A', 'B'),
('A', '25A', 'C'),
('A', '32A', 'D'),
('A', '40A', 'E'),
('A', '50A', 'F'),
('A', '65A', 'G'),
('A', '80A', 'H'),
('A', '100A', 'I'),
('A', '125A', 'J'),
('A', '150A', 'K'),
('A', '200A', 'L'),
('A', '250A', 'M'),
('A', '300A', 'N'),
('A', '350A', 'O'),
('A', '400A', 'P'),
('A', '450A', 'Q'),
('A', '500A', 'R'),
('A', '550A', 'S'),
('A', '600A', 'T'),
('A', '650A', 'U'),
('A', '700A', 'V'),
('A', '750A', 'W'),
('A', '800A', 'X'),
('A', '900A', 'Y'),
('I', '1/2"', 'A'),
('I', '3/4"', 'B'),
('I', '1"', 'C'),
('I', '1 1/4"', 'D'),
('I', '1 1/2"', 'E'),
('I', '2"', 'F'),
('I', '2 1/2"', 'G'),
('I', '3"', 'H'),
('I', '4"', 'I'),
('I', '5"', 'J'),
('I', '6"', 'K'),
('I', '8"', 'L'),
('I', '10"', 'M'),
('I', '12"', 'N'),
('I', '14"', 'O'),
('I', '16"', 'P'),
('I', '18"', 'Q'),
('I', '20"', 'R'),
('I', '22"', 'S'),
('I', '24"', 'T'),
('I', '26"', 'U'),
('I', '28"', 'V'),
('I', '30"', 'W'),
('I', '32"', 'X'),
('I', '36"', 'Y'),
('Z', 'SPECIAL', 'Z');

insert into BodyRatingUnitList (RatingUnitCode, RatingUnit) values 
('A', 'ASME'),
('J', 'JIS/KS'),
('P', 'PN'),
('Z', 'SPECIAL');

-- 7) BodyRatingList 데이터 (이미지 참조) - 단위를 별도로 표기
INSERT INTO BodyRatingList (RatingUnitCode, RatingCode, RatingName) VALUES
('A', '1', '150#'),
('A', '2', '300#'),
('A', '3', '600#'),
('A', '4', '900#'),
('A', '5', '1500#'),
('A', '6', '2500#'),
('A', '7', '3500#'),
('A', '8', '4500#'),
('J', 'A', '5K'),
('J', 'B', '10K'),
('J', 'C', '16K'),
('J', 'D', '20K'),
('J', 'E', '30K'),
('J', 'F', '40K'),
('J', 'G', '63K'),
('P', 'I', 'PN 10'),
('P', 'J', 'PN 16'),
('P', 'K', 'PN 25'),
('P', 'L', 'PN 40'),
('P', 'M', 'PN 63'),
('Z', 'Z', 'SPECIAL');

-- 8) BodyConnectionList 데이터 (이미지 참조)
INSERT INTO BodyConnectionList (Connection, ConnectionCode) VALUES
('None', '0'),
('R.F', '1'),
('F.F', '2'),
('S.W', '3'),
('B.W', '4'),
('Wafer', '5'),
('Screwed', '6'),
('Female', '7'),
('RTJ', 'A'),
('SPECIAL', 'Z');

-- 9) TrimTypeList 데이터 (이미지 참조)
INSERT INTO TrimTypeList (TrimType, TrimTypeCode) VALUES
('None', '0'),
('T-Port', '1'),
('Y-Port', '2'),
('L-Port', '3'),
('Balanced / Protek', 'A'),
('Balanced', 'B'),
('Floating', 'F'),
('Mixing', 'M'),
('Unbalanced / Protek', 'T'),
('Unbalanced', 'U'),
('SPECIAL', 'Z');

-- 10) TrimSeriesList 데이터 (이미지 참조)
INSERT INTO TrimSeriesList (TrimSeries, TrimSeriesCode) VALUES
('None', '0'),
('Single Port & Seat', '1'),
('Quick-Change / P-Port', '2'),
('Quick-Change', '3'),
('Cage Single', '4'),
('Multi-Hole', '5'),
('Multi-Hole(P-Port)', '6'),
('Diverting', 'B'),
('Concentric', 'C'),
('Eccentric', 'D'),
('TRIPLE OFF SET', 'E'),
('Trunnion Type', 'H'),
('Knife Gate', 'J'),
('L-Type', 'K'),
('Straight', 'M'),
('Weir', 'N'),
('SPECIAL', 'Z');

-- 11) TrimMatList 데이터 (이미지 참조)
INSERT INTO TrimMatList (TrimMat, TrimMatCode) VALUES
('None', '0'),
('WCB (SCPH2)', '1'),
('LCB', '2'),
('WC6', '3'),
('WC9', '4'),
('CF8 (SCS13)', '5'),
('CF8M (SCS14)', '6'),
('CF3', '7'),
('CF3M', '8'),
('A105', 'A'),
('F11', 'B'),
('F22', 'C'),
('F51', 'D'),
('F52', 'E'),
('F53', 'F'),
('F55', 'G'),
('SUS304', 'H'),
('SUS316', 'I'),
('304 / RTFE', 'J'),
('316 / RTFE', 'K'),
('304 / PTFE', 'L'),
('316 / PTFE', 'M'),
('304 / PCTFE', 'N'),
('316 / PCTFE', 'O'),
('CF8M / RTFE', 'P'),
('CF8 / RTFE', 'Q'),
('PTFE', 'R'),
('PFA LINED', 'T'),
('304 / Alloy-TiC', 'U'),
('TCC(304)', 'V'),
('TCC(316)', 'W'),
('630', 'X'),
('SUS420J2', 'Y'),
('SPECIAL', 'Z');

-- 12) TrimPortSizeList 데이터 (UnitCode 사용)
INSERT INTO TrimPortSizeList (UnitCode, PortSize, PortSizeCode) VALUES
('N', 'None', '0'),
('A', 'M1', '1'),
('A', 'M2', '2'),
('A', 'M3', '3'),
('A', 'M4', '4'),
('A', 'M5', '5'),
('A', '4A', '6'),
('A', '6A', '7'),
('A', '8A', '8'),
('A', '10A', '9'),
('A', '15A', 'A'),
('A', '20A', 'B'),
('A', '25A', 'C'),
('A', '32A', 'D'),
('A', '40A', 'E'),
('A', '50A', 'F'),
('A', '65A', 'G'),
('A', '80A', 'H'),
('A', '100A', 'I'),
('A', '125A', 'J'),
('A', '150A', 'K'),
('A', '200A', 'L'),
('A', '250A', 'M'),
('A', '300A', 'N'),
('A', '350A', 'O'),
('A', '400A', 'P'),
('A', '450A', 'Q'),
('A', '500A', 'R'),
('A', '550A', 'S'),
('A', '600A', 'T'),
('A', '650A', 'U'),
('A', '700A', 'V'),
('A', '750A', 'W'),
('A', '800A', 'X'),
('A', '900A', 'Y'),
('I', 'M1', '1'),
('I', 'M2', '2'),
('I', 'M3', '3'),
('I', 'M4', '4'),
('I', 'M5', '5'),
('I', '4A', '6'),
('I', '1/8"', '7'),
('I', '1/4"', '8'),
('I', '3/8"', '9'),
('I', '1/2"', 'A'),
('I', '3/4"', 'B'),
('I', '1"', 'C'),
('I', '1 1/4"', 'D'),
('I', '1 1/2"', 'E'),
('I', '2"', 'F'),
('I', '2 1/2"', 'G'),
('I', '3"', 'H'),
('I', '4"', 'I'),
('I', '5"', 'J'),
('I', '6"', 'K'),
('I', '8"', 'L'),
('I', '10"', 'M'),
('I', '12"', 'N'),
('I', '14"', 'O'),
('I', '16"', 'P'),
('I', '18"', 'Q'),
('I', '20"', 'R'),
('I', '22"', 'S'),
('I', '24"', 'T'),
('I', '26"', 'U'),
('I', '28"', 'V'),
('I', '30"', 'W'),
('I', '32"', 'X'),
('I', '36"', 'Y'),
('Z', 'SPECIAL', 'Z');

-- 13) TrimFormList 데이터 (이미지 참조)
INSERT INTO TrimFormList (TrimForm, TrimFormCode) VALUES
('(NONE)', '0'),
('Equal %', '2'),
('Linear', '3'),
('Quick-Open', '4'),
('Mod. Equal%', '5'),
('Modified-Linear', '6'),
('On-Off', '7'),
('SPECIAL', 'Z');

-- 14) TrimOptionList 데이터 (이미지 참조)
INSERT INTO TrimOptionList (TrimOptionCode, TrimOptionName) VALUES
('A', 'Standard'),
('B', 'Reduced'),
('C', 'Anti-cavitation'),
('D', 'Low Noise'),
('E', 'Cage');

-- 15) ActTypeList 데이터 (이미지 참조)
INSERT INTO ActTypeList (ActType, ActTypeCode) VALUES
('None', '0'),
('Double', 'B'),
('DA (Open)', 'D'),
('RA (Close)', 'R'),
('SPECIAL', 'Z');

-- 16) ActSeriesList 데이터 (이미지 참조)
INSERT INTO ActSeriesList (ActSeries, ActSeriesCode) VALUES
('None', '0'),
('A시리즈', 'A'),
('B시리즈', 'B'),
('C시리즈', 'C'),
('DB시리즈', 'D'),
('CB시리즈', 'E'),
('Float', 'F'),
('(HKC)HP시리즈', 'H'),
('(성원)PM시리즈', 'P'),
('R시리즈', 'R'),
('C V/T시리즈', 'T'),
('R V/T시리즈', 'V'),
('SPECIAL', 'Z');

-- 17) ActSizeList 데이터 (이미지 참조)
INSERT INTO ActSizeList (ActSeriesCode, ActSize, ActSizeCode) VALUES
-- A시리즈
('A', 'None', '0'),
('A', 'A-220M', '1'),
('A', 'A-270M', '2'),
('A', 'A-360M', '3'),
('A', 'A-430M', '4'),
('A', 'A-520M', '5'),
-- B시리즈
('B', 'None', '0'),
('B', 'B1', '1'),
('B', 'B2', '2'),
('B', 'B3', '3'),
('B', 'B4', '4'),
('B', 'B5', '5'),
('B', 'B6', '6'),
-- C시리즈
('C', 'None', '0'),
('C', 'C-160', '1'),
('C', 'C-200', '2'),
('C', 'C-250', '3'),
('C', 'C-300', '4'),
('C', 'C-350', '5'),
('C', 'C-400', '6'),
('C', 'C-450', '7'),
('C', 'C-500', '8'),
-- DB시리즈
('D', 'None', '0'),
('D', 'DB-270', '1'),
('D', 'DB-360', '2'),
('D', 'DB-430', '3'),
('D', 'DB-520', '4'),
-- CB시리즈
('E', 'None', '0'),
('E', 'CB-270', '1'),
('E', 'CB-360', '2'),
('E', 'CB-430', '3'),
('E', 'CB-520', '4'),
-- Float
('F', 'None', '0'),
('F', '25A용', '1'),
('F', '40-50A용', '2'),
-- HP시리즈
('H', 'None', '0'),
('H', 'HP-88 (B1)', '1'),
('H', 'HP-100 (B2)', '2'),
('H', 'HP-125 (B4)', '3'),
('H', 'HP-66 (B0)', '4'),
('H', 'HP-115(B3)', '5'),
('H', 'HP-145 (B6)', '6'),
('H', 'HP-160', '7'),
('H', 'HP-200', '8'),
-- PM시리즈
('P', 'None', '0'),
('P', 'PM-S065 (B1)', '1'),
('P', 'PM-S080 (B2)', '2'),
('P', 'PM-S100 (B3)', '3'),
('P', 'PM-S125 (B4)', '4'),
('P', 'PM-S140 (B5)', '5'),
('P', 'PM-S160 (B6)', '6'),
-- R시리즈
('R', 'None', '0'),
('R', 'R6', '1'),
('R', 'R7', '2'),
('R', 'R8', '3'),
('R', 'R9', '4'),
('R', 'R10', '5'),
('R', 'R11', '6'),
('R', 'R12', '7'),
('R', 'R13', '8'),
('R', 'R14', '9'),
('R', 'R15', 'A'),
-- C V/T시리즈
('T', 'None', '0'),
('T', 'C-160 + V/T', '1'),
('T', 'C-200 + V/T', '2'),
('T', 'C-250 + V/T', '3'),
('T', 'C-300 + V/T', '4'),
('T', 'C-350 + V/T', '5'),
('T', 'C-400 + V/T', '6'),
('T', 'C-450 + V/T', '7'),
('T', 'C-500 + V/T', '8'),
-- R V/T시리즈
('V', 'None', '0'),
('V', 'R6 + V/T', '1'),
('V', 'R7 + V/T', '2'),
('V', 'R8 + V/T', '3'),
('V', 'R9 + V/T', '4'),
('V', 'R10 + V/T', '5'),
('V', 'R11 + V/T', '6'),
('V', 'R12 + V/T', '7'),
('V', 'R13 + V/T', '8'),
('V', 'R14 + V/T', '9'),
('V', 'R15 + V/T', 'A'),
-- SPECIAL
('Z', 'None', '0');

-- 18) ActHWList 데이터 (이미지 참조)
INSERT INTO ActHWList (HW, HWCode) VALUES
('None', '0'),
('Screwed', '1'),
('Screwed / Top', '2'),
('Screwed / Side', '3'),
('Worm-Gear-Top', '4'),
('Worm-Gear-Side', '5'),
('Declutchable', '6');



-- 20) AccMakerList 데이터 (이미지 참조)
INSERT INTO PositionerMakerList (AccMakerCode, AccMakerName) VALUES
('0', 'None'),
('1', 'Proval'),
('2', 'Proval'),
('3', 'Rotork'),
('4', 'Rotork (3300)'),
('5', 'Rotork (3303)'),
('6', 'Rotork (3400)'),
('7', 'Tissin'),
('8', 'Tissin'),
('9', 'Tissin'),
('A', 'Azbil'),
('B', 'ABB'),
('E', 'EMERSON'),
('I', 'SIEMENS'),
('P', 'PowerGenex'),
('S', 'SMC'),
('Y', '사급자재'),
('Z', 'SPECIAL');


-- 21) AccModelList 데이터 (이미지 참조)
INSERT INTO PositionerList (AccMakerCode, AccModelCode, AccModelName) VALUES
('0', '0', 'None'),
('1', '0', 'None'),
('2', '0', 'None'),
('3', '0', 'None'),
('4', '0', 'None'),
('5', '0', 'None'),
('6', '0', 'None'),
('7', '0', 'None'),
('8', '0', 'None'),
('9', '0', 'None'),
('A', '0', 'None'),
('B', '0', 'None'),
('E', '0', 'None'),
('I', '0', 'None'),
('P', '0', 'None'),
('S', '0', 'None'),
('Y', '0', 'None'),
('Z', '0', 'None'),

('1', '1', 'EP-7100RSM231S0'),
('1', '2', 'EP-6100RB11S0'),
('1', '3', 'EP-6100RN11S0'),
('1', '6', 'EP-7100RSM231S0'),
('1', 'A', 'EP-7000LSM231S0'),
('1', 'B', 'EP-6000LB12S0'),
('1', 'Z', 'SPECIAL'),

('2', '1', 'SP-8100RA11S00'),
('2', '2', 'SP-8100RN11S10'),
('2', '3', 'SP-8100RN11S20'),
('2', '4', 'SP-8100RN11S30'),
('2', '5', 'SP-8100RA11S00'),
('2', '6', 'SP-8100RA11S10'),
('2', '7', 'SP-8100RA11S20'),
('2', '8', 'SP-8100RA11S30'),
('2', 'A', 'SP-8000LN11S00'),
('2', 'B', 'SP-8000LN11S10'),
('2', 'C', 'SP-8000LN11S20'),
('2', 'D', 'SP-8000LN11S30'),
('2', 'E', 'SP-8000LA11S00'),
('2', 'F', 'SP-8000LA11S10'),
('2', 'G', 'SP-8000LA11S20'),
('2', 'H', 'SP-8000LA11S30'),
('2', 'Z', 'SPECIAL'),

('3', '1', 'YT-1000RSM231S0'),
('3', 'A', 'YT-1000LSM231S0'),
('3', 'B', 'YT-1000LSC231S0'),
('3', 'Z', 'SPECIAL'),

('4', '1', 'YT-3300RSN2100S'),
('4', '2', 'YT-3300RSN2101S'),
('4', '3', 'YT-3300RSN2120S'),
('4', '4', 'YT-3300RSN2121S'),
('4', '5', 'YT-3300RSI2100S'),
('4', '6', 'YT-3300RSI2101S'),
('4', '7', 'YT-3300RSI2120S'),
('4', '8', 'YT-3300RSI2121S'),
('4', 'A', 'YT-3300LSN2100S'),
('4', 'B', 'YT-3300LSN2101S'),
('4', 'C', 'YT-3300LSN2120S'),
('4', 'D', 'YT-3300LSN2121S'),
('4', 'E', 'YT-3300LSI2100S'),
('4', 'F', 'YT-3300LSI2101S'),
('4', 'G', 'YT-3300LSI2120S'),
('4', 'H', 'YT-3300LSI2121S'),
('4', 'Z', 'SPECIAL'),

('5', '1', 'YT-3303RSN2100S'),
('5', '2', 'YT-3303RSN2101S'),
('5', '3', 'YT-3303RSN2120S'),
('5', '4', 'YT-3303RSN2121S'),
('5', '5', 'YT-3303RSI2100S'),
('5', '6', 'YT-3303RSI2101S'),
('5', '7', 'YT-3303RSI2120S'),
('5', '8', 'YT-3303RSI2121S'),
('5', 'A', 'YT-3303LSN2100S'),
('5', 'B', 'YT-3303LSN2101S'),
('5', 'C', 'YT-3303LSN2120S'),
('5', 'D', 'YT-3303LSN2121S'),
('5', 'E', 'YT-3303LSI2100S'),
('5', 'F', 'YT-3303LSI2101S'),
('5', 'G', 'YT-3303LSI2120S'),
('5', 'H', 'YT-3303LSI2121S'),
('5', 'I', 'YT-3303LDN2121S'),
('5', 'Z', 'SPECIAL'),

('6', '5', 'YT-3400RSC2100S'),
('6', '6', 'YT-3400RSC2101S'),
('6', '7', 'YT-3400RSC2120S'),
('6', '8', 'YT-3400RSC2121S'),
('6', 'E', 'YT-3400LSC2100S'),
('6', 'F', 'YT-3400LSC2101S'),
('6', 'G', 'YT-3400LSC2120S'),
('6', 'H', 'YT-3400LSC2121S'),
('6', 'I', 'YT-3400LDC2121S'),
('6', 'Z', 'SPECIAL'),

('7', '1', 'TS600RB11S0'),
('7', '2', 'TS600RC11S0'),
('7', 'A', 'TS600LB12S0'),
('7', 'B', 'TS600LC12S0'),
('7', 'C', 'TS600LN12S1'),
('7', 'I', 'TS700LSN11S10'),
('7', 'J', 'TS600RN11S1'),
('7', 'Z', 'SPECIAL'),


('8', '1', 'TS800RN11S00'),
('8', '2', 'TS800RN11S10'),
('8', '3', 'TS800RN11S20'),
('8', '4', 'TS800RN11S30'),
('8', '5', 'TS800RA11S00'),
('8', '6', 'TS800RA11S10'),
('8', '7', 'TS800RA11S20'),
('8', '8', 'TS800RA11S30'),
('8', 'A', 'TS800LN11S00'),
('8', 'B', 'TS800LN11S10'),
('8', 'C', 'TS800LN11S20'),
('8', 'D', 'TS800LN11S30'),
('8', 'E', 'TS800LA11S00'),
('8', 'F', 'TS800LA11S10'),
('8', 'G', 'TS800LA11S20'),
('8', 'H', 'TS800LA11S30'),
('8', 'I', 'TS820RA11S01'),
('8', 'Z', 'SPECIAL'),

('9', '5', 'TS900RC31S00'),
('9', '6', 'TS900RC31S10'),
('9', '7', 'TS900RC31S20'),
('9', '8', 'TS900RC31S30'),
('9', 'E', 'TS900LC31S00'),
('9', 'F', 'TS900LC31S10'),
('9', 'G', 'TS900LC31S20'),
('9', 'H', 'TS900LC31S30'),
('9', 'Z', 'SPECIAL'),

('A', '1', 'AVP302-HSD3D-XXXX-X'),
('A', '2', 'AVP307-HSD5B-1XXX-X'),
('A', '3', 'AVP300-HSD3D-XXXX-X'),
('A', 'Z', 'SPECIAL'),

('B', '1', 'TZIDC V18345-1020121001'),
('B', '2', 'TZIDC-200 V18348-10111310110'),
('B', 'Z', 'SPECIAL'),

('E', '1', 'DVC6200 HC'),
('E', 'Z', 'SPECIAL'),

('P', '1', 'EPL-FB1SN3TN'),
('P', 'Z', 'SPECIAL'),

('S', '1', 'IP8000-031-X113'),
('S', '2', 'IP8100-031-CH-X114'),
('S', 'Z', 'SPECIAL'),

('Y', '1', '사급'),
('Y', 'Z', 'SPECIAL');

insert into SolenoidMakerList(AccMakerCode, AccMakerName) VALUES
('0', 'None'),
('1', 'Proval'),
('2', 'Proval'),
('3', 'Rotork'),
('4', 'Rotork'),
('5', 'Rotork'),
('6', 'Rotork'),
('7', 'Tissin'),
('8', 'Tissin'),
('9', 'Tissin'),
('A', 'ASCO'),
('C', 'CKD'),
('K', 'KANEKO'),
('M', 'SMC'),
('P', 'PG'),
('R', 'Parker'),
('S', 'SYC'),
('T', 'TPC'),
('Z', 'SPECIAL');

insert into SolenoidList(AccMakerCode, AccModelCode, AccModelName) VALUES
('0', '0', 'None'),
('1', '0', 'None'),
('2', '0', 'None'),
('3', '0', 'None'),
('4', '0', 'None'),
('5', '0', 'None'),
('6', '0', 'None'),
('7', '0', 'None'),
('8', '0', 'None'),
('9', '0', 'None'),
('A', '0', 'None'),
('C', '0', 'None'),
('K', '0', 'None'),
('M', '0', 'None'),
('P', '0', 'None'),
('R', '0', 'None'),
('S', '0', 'None'),
('T', '0', 'None'),
('Z', '0', 'None'),

('0', 'Z', 'SPECIAL'),
('1', 'Z', 'SPECIAL'),
('2', 'Z', 'SPECIAL'),
('3', 'Z', 'SPECIAL'),
('4', 'Z', 'SPECIAL'),
('5', 'Z', 'SPECIAL'),
('6', 'Z', 'SPECIAL'),
('7', 'Z', 'SPECIAL'),
('8', 'Z', 'SPECIAL'),
('9', 'Z', 'SPECIAL'),
('A', 'Z', 'SPECIAL'),
('C', 'Z', 'SPECIAL'),
('K', 'Z', 'SPECIAL'),
('M', 'Z', 'SPECIAL'),
('P', 'Z', 'SPECIAL'),
('R', 'Z', 'SPECIAL'),
('S', 'Z', 'SPECIAL'),
('T', 'Z', 'SPECIAL'),
('Z', 'Z', 'SPECIAL'),

('A', '1', 'VCEFCMHBX8320G174MO-AC110V'),
('A', '2', 'VCEFCMHBX8320G174MO-AC220V'),
('A', 'A', 'JKB8320G174MO-AC220V'),
('A', 'B', 'JKH8320G174MO-AC220V'),

('C', '1', '4F310E-08-TP-X-DC24V'),
('C', '2', '4F310-10-B-DC24V'),
('C', '3', '4F310-08-TP-X-DC24V'),
('C', '4', '4F310E-08-TP-X-AC110V'),


('K', '1', 'MOOU-8-AE12PU-AC110V'),
('K', '2', 'MOOU-8-AE12PU-AC220V'),
('K', '3', 'MOOU-8-DE12PU-DC24V'),
('K', '4', 'MOOU-8-DE12PU-DC110V'),
('K', '5', 'M15G-8-AE12PU-AC110V'),
('K', '6', 'M15G-8-DE12PU-DC24V'),

('P', '1', 'ESV-S-A110P-F'),
('P', '2', 'ESV-S-A220P-F'),
('P', '3', 'ESV-S-DC24P-F'),

('R', '1', '73419AN2NNMO-495905C2'),
('R', '2', '7133KBN2JVMONO-S2TBC2'),


('S', '1', 'SV-210-1D'),
('S', '2', 'SV-210-2D'),
('S', '3', 'SV-210-3D'),
('S', '4', 'SV-210-4D'),
('S', '5', 'SV-210-1D-LOCK LEVER'),
('S', '6', 'SV-210-2D-LOCK LEVER'),
('S', '7', 'SV-210-3D-LOCK LEVER'),
('S', '8', 'SV-210-4D-LOCK LEVER'),
('S', '9', 'SV-310-1D'),
('S', 'A', 'SV-310-2D'),
('S', 'B', 'SV-310-3D'),
('S', 'C', 'SV-310-4D'),
('S', 'D', 'SV-410-1D'),
('S', 'E', 'SV-410-2D'),
('S', 'F', 'SV-410-3D'),
('S', 'G', 'SV-410-4D'),
('S', 'H', 'SV-230H'),


('T', '1', 'RDS5120-1DZ-02'),
('T', '2', 'RDS5120-1DZ-03'),
('T', '3', 'RDS5120-2DZ-02'),
('T', '4', 'RDS5120-2DZ-03'),
('T', '5', 'RDS5120-5DZ-02'),
('T', '6', 'RDS5120-5DZ-03');


insert into LimitMakerList(AccMakerCode, AccMakerName) VALUES
('0', 'None'),
('1', 'Proval'),
('2', 'Proval'),
('3', 'Rotork'),
('4', 'Rotork'),
('5', 'Rotork'),
('6', 'Rotork'),
('7', 'Tissin'),
('8', 'Tissin'),
('9', 'Tissin'),
('A', 'Azbil'),
('H', 'HKC'),
('N', 'Honeywell'),
('Q', 'Qlight'),
('T', 'Topworx'),
('Y', '사급자재'),
('Z', 'SPECIAL');


insert into LimitList(AccMakerCode, AccModelCode, AccModelName) VALUES
('0', '0', 'None'),
('1', '0', 'None'),
('2', '0', 'None'),
('3', '0', 'None'),
('4', '0', 'None'),
('5', '0', 'None'),
('6', '0', 'None'),
('7', '7', 'None'),
('8', '0', 'None'),
('9', '0', 'None'),
('A', '0', 'None'),
('H', '0', 'None'),
('N', '0', 'None'),
('Q', '0', 'None'),
('T', '0', 'None'),
('Y', '0', 'None'),
('Z', '0', 'None'),

('0', 'Z', 'SPECIAL'),
('1', 'Z', 'SPECIAL'),
('2', 'Z', 'SPECIAL'),
('3', 'Z', 'SPECIAL'),
('4', 'Z', 'SPECIAL'),
('5', 'Z', 'SPECIAL'),
('6', 'Z', 'SPECIAL'),
('7', 'Z', 'SPECIAL'),
('8', 'Z', 'SPECIAL'),
('9', 'Z', 'SPECIAL'),
('A', 'Z', 'SPECIAL'),
('H', 'Z', 'SPECIAL'),
('N', 'Z', 'SPECIAL'),
('Q', 'Z', 'SPECIAL'),
('T', 'Z', 'SPECIAL'),
('Y', 'Z', 'SPECIAL'),
('Z', 'Z', 'SPECIAL'),

('7', '1', 'TS400M1S1'),
('7', '2', 'TS410MK1S1'),

('A', '1', 'VCX-7003-S'),

('H', '1', 'APL-210N'),
('H', '2', 'APL-310N'),
('H', '3', 'APL-312N'),
('H', '4', 'APL-422N'),
('H', '5', 'APL-510N'),
('H', '6', 'APL-710N'),
('H', '7', 'APL-810N'),
('H', '8', 'APL-512N'),
('H', '9', 'APL-314N'),

('N', '1', 'SZL-WLC-B'),
('N', '2', 'GLAA20A2A'),
('N', '3', 'LSQ051'),
('N', '4', 'GSXA01A'),
('N', '5', 'SZL-WLC-B(2EA)'),

('Q', '1', 'SLP5130-AL'),
('Q', '2', 'SLP5130-AL(2SET)'),

('T', '1', '7G-2356T-A3-N'),

('Y', '1', '사급자재');


insert into AirsetMakerList(AccMakerCode, AccMakerName) VALUES
('0', 'None'),
('1', 'Proval'),
('2', 'Proval'),
('3', 'Rotork'),
('4', 'Rotork'),
('5', 'Rotork'),
('6', 'Rotork'),
('7', 'Tissin'),
('8', 'Tissin'),
('9', 'Tissin'),
('A', 'Azbil'),
('H', 'HKC'),
('N', 'Honeywell'),
('Q', 'Qlight'),
('T', 'Topworx'),
('Y', '사급자재'),
('Z', 'SPECIAL');

insert into AirsetList(AccMakerCode, AccModelCode, AccModelName) VALUES
('Z', '0', 'None'),
('Z', '1', 'AR-1501PS0'),
('Z', '2', 'AR-1501NS0(2EA)'),
('Z', '4', 'AR-1501PS1'),
('Z', '5', 'AR-2501NS0(TS310)'),
('Z', 'A', 'YT-200BP010'),
('Z', 'B', 'YT-200BN010'),
('Z', 'C', 'YT-200BP040'),
('Z', 'D', 'YT-200BP210'),
('Z', 'E', 'YT-220BP010'),
('Z', 'F', 'YT-205BN010'),
('Z', 'G', 'TS300PS0'),
('Z', 'H', 'TS300NS0'),
('Z', 'I', 'TS310PS0'),
('Z', 'J', 'YT-200BN020'),
('Z', 'K', 'YT-200BP020'),
('Z', 'U', 'P32CA23MEANJLNW'),
('Z', 'V', 'AW20-02BCG-A'),
('Z', 'W', 'AW30-03B-A'),
('Z', 'X', 'B7019-2C'),
('Z', 'Y', '사급자재'),
('Z', 'Z', 'SPECIAL');